,State_Name,District_Name,Crop_Year,Season,Crop,Area,Production
0,karnataka,bagalkote,1998,Kharif     ,Arhar/Tur,6154.0,2602.0
1,karnataka,bagalkote,1998,Kharif     ,Bajra,48855.0,52375.0
2,karnataka,bagalkote,1998,Kharif     ,Castor seed,71.0,61.0
3,karnataka,bagalkote,1998,Kharif     ,Cotton(lint),15225.0,22129.0
4,karnataka,bagalkote,1998,Kharif     ,Groundnut,16368.0,7734.0
5,karnataka,bagalkote,1998,Kharif     ,Horse-gram,3372.0,1156.0
6,karnataka,bagalkote,1998,Kharif     ,Jowar,12363.0,24855.0
7,karnataka,bagalkote,1998,Kharif     ,Maize,30630.0,92831.0
8,karnataka,bagalkote,1998,Kharif     ,Moong(Green Gram),13872.0,1147.0
9,karnataka,bagalkote,1998,Kharif     ,Niger seed,310.0,47.0
10,karnataka,bagalkote,1998,Kharif     ,Onion,3090.0,14100.0
11,karnataka,bagalkote,1998,Kharif     ,Rapeseed &Mustard,51.0,7.0
12,karnataka,bagalkote,1998,Kharif     ,Rice,197.0,316.0
13,karnataka,bagalkote,1998,Kharif     ,Sesamum,2395.0,937.0
14,karnataka,bagalkote,1998,Kharif     ,Soyabean,5221.0,3854.0
15,karnataka,bagalkote,1998,Kharif     ,Sunflower,36785.0,13374.0
16,karnataka,bagalkote,1998,Rabi       ,Gram,17835.0,15170.0
17,karnataka,bagalkote,1998,Rabi       ,Groundnut,15849.0,24166.0
18,karnataka,bagalkote,1998,Rabi       ,Horse-gram,2098.0,608.0
19,karnataka,bagalkote,1998,Rabi       ,Jowar,152540.0,120840.0
20,karnataka,bagalkote,1998,Rabi       ,Linseed,4667.0,1667.0
21,karnataka,bagalkote,1998,Rabi       ,Maize,10520.0,24026.0
22,karnataka,bagalkote,1998,Rabi       ,Onion,1226.0,16070.0
23,karnataka,bagalkote,1998,Rabi       ,Safflower,4590.0,3570.0
24,karnataka,bagalkote,1998,Rabi       ,Sunflower,41359.0,16619.0
25,karnataka,bagalkote,1998,Rabi       ,Wheat,22207.0,28030.0
26,karnataka,bagalkote,1998,Summer     ,Maize,2252.0,5016.0
27,karnataka,bagalkote,1998,Summer     ,Onion,1032.0,15017.0
28,karnataka,bagalkote,1998,Summer     ,Sunflower,2262.0,1195.0
29,karnataka,bagalkote,1998,Whole Year ,Arecanut,1.0,7.0
30,karnataka,bagalkote,1998,Whole Year ,Coconut ,571.0,2728.0
31,karnataka,bagalkote,1998,Whole Year ,Coriander,43.0,4.0
32,karnataka,bagalkote,1998,Whole Year ,Dry chillies,619.0,816.0
33,karnataka,bagalkote,1998,Whole Year ,Garlic,30.0,25.0
34,karnataka,bagalkote,1998,Whole Year ,Turmeric,305.0,1872.0
35,karnataka,bagalkote,1999,Kharif     ,Arhar/Tur,5126.0,3589.0
36,karnataka,bagalkote,1999,Kharif     ,Bajra,41122.0,29929.0
37,karnataka,bagalkote,1999,Kharif     ,Castor seed,48.0,37.0
38,karnataka,bagalkote,1999,Kharif     ,Cotton(lint),11979.0,18434.0
39,karnataka,bagalkote,1999,Kharif     ,Groundnut,13284.0,7326.0
40,karnataka,bagalkote,1999,Kharif     ,Horse-gram,2555.0,607.0
41,karnataka,bagalkote,1999,Kharif     ,Jowar,11598.0,21354.0
42,karnataka,bagalkote,1999,Kharif     ,Maize,30462.0,101371.0
43,karnataka,bagalkote,1999,Kharif     ,Mesta,9.0,17.0
44,karnataka,bagalkote,1999,Kharif     ,Moong(Green Gram),18730.0,6423.0
45,karnataka,bagalkote,1999,Kharif     ,Niger seed,347.0,53.0
46,karnataka,bagalkote,1999,Kharif     ,Other Kharif pulses,21091.0,3696.0
47,karnataka,bagalkote,1999,Kharif     ,Rice,128.0,202.0
48,karnataka,bagalkote,1999,Kharif     ,Sesamum,1354.0,607.0
49,karnataka,bagalkote,1999,Kharif     ,Small millets,540.0,190.0
50,karnataka,bagalkote,1999,Kharif     ,Soyabean,5098.0,4262.0
51,karnataka,bagalkote,1999,Kharif     ,Sunflower,26250.0,14837.0
52,karnataka,bagalkote,1999,Rabi       ,Gram,18807.0,12599.0
53,karnataka,bagalkote,1999,Rabi       ,Groundnut,15530.0,20537.0
54,karnataka,bagalkote,1999,Rabi       ,Horse-gram,3584.0,538.0
55,karnataka,bagalkote,1999,Rabi       ,Jowar,160974.0,147679.0
56,karnataka,bagalkote,1999,Rabi       ,Linseed,5667.0,1647.0
57,karnataka,bagalkote,1999,Rabi       ,Maize,15401.0,41391.0
58,karnataka,bagalkote,1999,Rabi       ,Other  Rabi pulses,1598.0,202.0
59,karnataka,bagalkote,1999,Rabi       ,Rapeseed &Mustard,74.0,11.0
60,karnataka,bagalkote,1999,Rabi       ,Safflower,3926.0,2828.0
61,karnataka,bagalkote,1999,Rabi       ,Sunflower,24177.0,15169.0
62,karnataka,bagalkote,1999,Rabi       ,Wheat,21584.0,29875.0
63,karnataka,bagalkote,1999,Summer     ,Maize,416.0,760.0
64,karnataka,bagalkote,1999,Summer     ,Sunflower,1527.0,1065.0
65,karnataka,bagalkote,1999,Whole Year ,Banana,954.0,23628.0
66,karnataka,bagalkote,1999,Whole Year ,Coconut ,1283.0,6130.0
67,karnataka,bagalkote,1999,Whole Year ,Coriander,31.0,3.0
68,karnataka,bagalkote,1999,Whole Year ,Dry chillies,579.0,595.0
69,karnataka,bagalkote,1999,Whole Year ,Garlic,30.0,25.0
70,karnataka,bagalkote,1999,Whole Year ,Onion,3614.0,52778.0
71,karnataka,bagalkote,1999,Whole Year ,Sugarcane,53888.0,6143232.0
72,karnataka,bagalkote,1999,Whole Year ,Sweet potato,51.0,162.0
73,karnataka,bagalkote,1999,Whole Year ,Turmeric,310.0,1684.0
74,karnataka,bagalkote,2000,Kharif     ,Arhar/Tur,4984.0,3693.0
75,karnataka,bagalkote,2000,Kharif     ,Bajra,41232.0,41300.0
76,karnataka,bagalkote,2000,Kharif     ,Castor seed,52.0,67.0
77,karnataka,bagalkote,2000,Kharif     ,Cotton(lint),15767.0,23002.0
78,karnataka,bagalkote,2000,Kharif     ,Groundnut,14487.0,9664.0
79,karnataka,bagalkote,2000,Kharif     ,Horse-gram,2359.0,2902.0
80,karnataka,bagalkote,2000,Kharif     ,Jowar,11375.0,22359.0
81,karnataka,bagalkote,2000,Kharif     ,Maize,31263.0,99110.0
82,karnataka,bagalkote,2000,Kharif     ,Mesta,9.0,17.0
83,karnataka,bagalkote,2000,Kharif     ,Moong(Green Gram),23658.0,10069.0
84,karnataka,bagalkote,2000,Kharif     ,Niger seed,435.0,66.0
85,karnataka,bagalkote,2000,Kharif     ,Other Kharif pulses,2961.0,1001.0
86,karnataka,bagalkote,2000,Kharif     ,Rice,171.0,311.0
87,karnataka,bagalkote,2000,Kharif     ,Sesamum,1981.0,969.0
88,karnataka,bagalkote,2000,Kharif     ,Small millets,1142.0,723.0
89,karnataka,bagalkote,2000,Kharif     ,Soyabean,4743.0,4749.0
90,karnataka,bagalkote,2000,Kharif     ,Sunflower,25378.0,16262.0
91,karnataka,bagalkote,2000,Rabi       ,Gram,16454.0,9834.0
92,karnataka,bagalkote,2000,Rabi       ,Groundnut,11875.0,17305.0
93,karnataka,bagalkote,2000,Rabi       ,Horse-gram,1530.0,490.0
94,karnataka,bagalkote,2000,Rabi       ,Jowar,132473.0,94603.0
95,karnataka,bagalkote,2000,Rabi       ,Linseed,4647.0,1377.0
96,karnataka,bagalkote,2000,Rabi       ,Maize,17492.0,47659.0
97,karnataka,bagalkote,2000,Rabi       ,Other  Rabi pulses,677.0,90.0
98,karnataka,bagalkote,2000,Rabi       ,Rapeseed &Mustard,74.0,11.0
99,karnataka,bagalkote,2000,Rabi       ,Safflower,3296.0,3023.0
100,karnataka,bagalkote,2000,Rabi       ,Sunflower,36375.0,20518.0
101,karnataka,bagalkote,2000,Rabi       ,Wheat,23969.0,37181.0
102,karnataka,bagalkote,2000,Summer     ,Maize,3129.0,8799.0
103,karnataka,bagalkote,2000,Summer     ,Sunflower,2901.0,2163.0
104,karnataka,bagalkote,2000,Whole Year ,Arecanut,4.0,6.0
105,karnataka,bagalkote,2000,Whole Year ,Banana,872.0,14647.0
106,karnataka,bagalkote,2000,Whole Year ,Coconut ,1312.0,6268.0
107,karnataka,bagalkote,2000,Whole Year ,Coriander,34.0,3.0
108,karnataka,bagalkote,2000,Whole Year ,Dry chillies,756.0,654.0
109,karnataka,bagalkote,2000,Whole Year ,Garlic,27.0,22.0
110,karnataka,bagalkote,2000,Whole Year ,Onion,3819.0,33520.0
111,karnataka,bagalkote,2000,Whole Year ,Sannhamp,35.0,9.0
112,karnataka,bagalkote,2000,Whole Year ,Sugarcane,62050.0,7014752.0
113,karnataka,bagalkote,2000,Whole Year ,Sweet potato,51.0,162.0
114,karnataka,bagalkote,2000,Whole Year ,Turmeric,301.0,1476.0
115,karnataka,bagalkote,2001,Kharif     ,Arhar/Tur,1502.0,925.0
116,karnataka,bagalkote,2001,Kharif     ,Bajra,15169.0,11519.0
117,karnataka,bagalkote,2001,Kharif     ,Castor seed,19.0,14.0
118,karnataka,bagalkote,2001,Kharif     ,Cotton(lint),14104.0,22539.0
119,karnataka,bagalkote,2001,Kharif     ,Groundnut,14509.0,17691.0
120,karnataka,bagalkote,2001,Kharif     ,Horse-gram,1370.0,1606.0
121,karnataka,bagalkote,2001,Kharif     ,Jowar,6786.0,12064.0
122,karnataka,bagalkote,2001,Kharif     ,Maize,21340.0,66431.0
123,karnataka,bagalkote,2001,Kharif     ,Mesta,5.0,10.0
124,karnataka,bagalkote,2001,Kharif     ,Moong(Green Gram),2301.0,501.0
125,karnataka,bagalkote,2001,Kharif     ,Niger seed,164.0,25.0
126,karnataka,bagalkote,2001,Kharif     ,Other Kharif pulses,450.0,151.0
127,karnataka,bagalkote,2001,Kharif     ,Rice,171.0,411.0
128,karnataka,bagalkote,2001,Kharif     ,Sesamum,897.0,581.0
129,karnataka,bagalkote,2001,Kharif     ,Small millets,43.0,16.0
130,karnataka,bagalkote,2001,Kharif     ,Soyabean,410.0,303.0
131,karnataka,bagalkote,2001,Kharif     ,Sunflower,8560.0,6843.0
132,karnataka,bagalkote,2001,Rabi       ,Gram,25681.0,17984.0
133,karnataka,bagalkote,2001,Rabi       ,Horse-gram,9429.0,5554.0
134,karnataka,bagalkote,2001,Rabi       ,Jowar,170489.0,125015.0
135,karnataka,bagalkote,2001,Rabi       ,Linseed,6261.0,2641.0
136,karnataka,bagalkote,2001,Rabi       ,Maize,15597.0,43755.0
137,karnataka,bagalkote,2001,Rabi       ,Other  Rabi pulses,660.0,88.0
138,karnataka,bagalkote,2001,Rabi       ,Rapeseed &Mustard,74.0,11.0
139,karnataka,bagalkote,2001,Rabi       ,Safflower,4793.0,2817.0
140,karnataka,bagalkote,2001,Rabi       ,Sunflower,48590.0,24663.0
141,karnataka,bagalkote,2001,Rabi       ,Wheat,25855.0,34969.0
142,karnataka,bagalkote,2001,Summer     ,Maize,1396.0,4066.0
143,karnataka,bagalkote,2001,Summer     ,Rice,13.0,19.0
144,karnataka,bagalkote,2001,Summer     ,Sunflower,3442.0,3365.0
145,karnataka,bagalkote,2001,Whole Year ,Arecanut,4.0,6.0
146,karnataka,bagalkote,2001,Whole Year ,Coconut ,1142.0,5456.0
147,karnataka,bagalkote,2001,Whole Year ,Coriander,30.0,3.0
148,karnataka,bagalkote,2001,Whole Year ,Dry chillies,704.0,608.0
149,karnataka,bagalkote,2001,Whole Year ,Onion,6247.0,64311.0
150,karnataka,bagalkote,2001,Whole Year ,Sannhamp,22.0,5.0
151,karnataka,bagalkote,2001,Whole Year ,Sugarcane,60450.0,5570468.0
152,karnataka,bagalkote,2001,Whole Year ,Turmeric,311.0,1553.0
153,karnataka,bagalkote,2002,Kharif     ,Arhar/Tur,2749.0,1113.0
154,karnataka,bagalkote,2002,Kharif     ,Bajra,24007.0,7171.0
155,karnataka,bagalkote,2002,Kharif     ,Castor seed,10.0,9.0
156,karnataka,bagalkote,2002,Kharif     ,Cotton(lint),3511.0,5149.0
157,karnataka,bagalkote,2002,Kharif     ,Groundnut,5720.0,1920.0
158,karnataka,bagalkote,2002,Kharif     ,Horse-gram,2660.0,2075.0
159,karnataka,bagalkote,2002,Kharif     ,Jowar,5551.0,9005.0
160,karnataka,bagalkote,2002,Kharif     ,Maize,20026.0,60945.0
161,karnataka,bagalkote,2002,Kharif     ,Mesta,7.0,13.0
162,karnataka,bagalkote,2002,Kharif     ,Moong(Green Gram),16545.0,330.0
163,karnataka,bagalkote,2002,Kharif     ,Niger seed,122.0,18.0
164,karnataka,bagalkote,2002,Kharif     ,Other Kharif pulses,9360.0,1646.0
165,karnataka,bagalkote,2002,Kharif     ,Rice,112.0,230.0
166,karnataka,bagalkote,2002,Kharif     ,Sesamum,1225.0,796.0
167,karnataka,bagalkote,2002,Kharif     ,Small millets,271.0,67.0
168,karnataka,bagalkote,2002,Kharif     ,Soyabean,1349.0,728.0
169,karnataka,bagalkote,2002,Kharif     ,Sunflower,22376.0,11438.0
170,karnataka,bagalkote,2002,Rabi       ,Gram,26669.0,17905.0
171,karnataka,bagalkote,2002,Rabi       ,Groundnut,10177.0,12994.0
172,karnataka,bagalkote,2002,Rabi       ,Horse-gram,4254.0,1689.0
173,karnataka,bagalkote,2002,Rabi       ,Jowar,157259.0,98880.0
174,karnataka,bagalkote,2002,Rabi       ,Linseed,4997.0,2207.0
175,karnataka,bagalkote,2002,Rabi       ,Maize,9197.0,31585.0
176,karnataka,bagalkote,2002,Rabi       ,Other  Rabi pulses,176.0,21.0
177,karnataka,bagalkote,2002,Rabi       ,Rapeseed &Mustard,80.0,12.0
178,karnataka,bagalkote,2002,Rabi       ,Safflower,3916.0,2703.0
179,karnataka,bagalkote,2002,Rabi       ,Sunflower,55498.0,31053.0
180,karnataka,bagalkote,2002,Rabi       ,Wheat,23327.0,32386.0
181,karnataka,bagalkote,2002,Summer     ,Jowar,2.0,2.0
182,karnataka,bagalkote,2002,Summer     ,Maize,1233.0,4217.0
183,karnataka,bagalkote,2002,Summer     ,Rice,15.0,16.0
184,karnataka,bagalkote,2002,Summer     ,Sunflower,3207.0,2809.0
185,karnataka,bagalkote,2002,Whole Year ,Arcanut (Processed),6.0,8.0
186,karnataka,bagalkote,2002,Whole Year ,Atcanut (Raw),6.0,40.0
187,karnataka,bagalkote,2002,Whole Year ,Banana,466.0,7118.0
188,karnataka,bagalkote,2002,Whole Year ,Brinjal,215.0,1010.0
189,karnataka,bagalkote,2002,Whole Year ,Citrus Fruit,350.0,3155.0
190,karnataka,bagalkote,2002,Whole Year ,Coconut ,877.0,4190.0
191,karnataka,bagalkote,2002,Whole Year ,Coriander,30.0,3.0
192,karnataka,bagalkote,2002,Whole Year ,Dry chillies,543.0,292.0
193,karnataka,bagalkote,2002,Whole Year ,Garlic,18.0,15.0
194,karnataka,bagalkote,2002,Whole Year ,Grapes,608.0,16383.0
195,karnataka,bagalkote,2002,Whole Year ,Mango,287.0,920.0
196,karnataka,bagalkote,2002,Whole Year ,Onion,3329.0,30605.0
197,karnataka,bagalkote,2002,Whole Year ,Other Fresh Fruits,452.0,955.0
198,karnataka,bagalkote,2002,Whole Year ,Papaya,43.0,117.0
199,karnataka,bagalkote,2002,Whole Year ,Pome Fruit,48.0,168.0
200,karnataka,bagalkote,2002,Whole Year ,Sannhamp,22.0,5.0
201,karnataka,bagalkote,2002,Whole Year ,Sugarcane,58694.0,5241374.0
202,karnataka,bagalkote,2002,Whole Year ,Sweet potato,20.0,63.0
203,karnataka,bagalkote,2002,Whole Year ,Tomato,114.0,639.0
204,karnataka,bagalkote,2002,Whole Year ,Turmeric,356.0,1991.0
205,karnataka,bagalkote,2003,Kharif     ,Arhar/Tur,736.0,40.0
206,karnataka,bagalkote,2003,Kharif     ,Bajra,15454.0,8153.0
207,karnataka,bagalkote,2003,Kharif     ,Castor seed,1.0,1.0
208,karnataka,bagalkote,2003,Kharif     ,Cotton(lint),3226.0,6374.0
209,karnataka,bagalkote,2003,Kharif     ,Groundnut,2649.0,1644.0
210,karnataka,bagalkote,2003,Kharif     ,Horse-gram,437.0,112.0
211,karnataka,bagalkote,2003,Kharif     ,Jowar,4339.0,9345.0
212,karnataka,bagalkote,2003,Kharif     ,Maize,14493.0,52889.0
213,karnataka,bagalkote,2003,Kharif     ,Mesta,150.0,286.0
214,karnataka,bagalkote,2003,Kharif     ,Moong(Green Gram),969.0,56.0
215,karnataka,bagalkote,2003,Kharif     ,Niger seed,153.0,23.0
216,karnataka,bagalkote,2003,Kharif     ,Other Kharif pulses,133.0,45.0
217,karnataka,bagalkote,2003,Kharif     ,Rice,93.0,210.0
218,karnataka,bagalkote,2003,Kharif     ,Sesamum,536.0,236.0
219,karnataka,bagalkote,2003,Kharif     ,Small millets,67.0,39.0
220,karnataka,bagalkote,2003,Kharif     ,Soyabean,272.0,119.0
221,karnataka,bagalkote,2003,Kharif     ,Sunflower,11643.0,9155.0
222,karnataka,bagalkote,2003,Rabi       ,Gram,28249.0,4448.0
223,karnataka,bagalkote,2003,Rabi       ,Groundnut,14870.0,22871.0
224,karnataka,bagalkote,2003,Rabi       ,Horse-gram,2879.0,230.0
225,karnataka,bagalkote,2003,Rabi       ,Jowar,134368.0,10766.0
226,karnataka,bagalkote,2003,Rabi       ,Linseed,3523.0,264.0
227,karnataka,bagalkote,2003,Rabi       ,Maize,11898.0,32576.0
228,karnataka,bagalkote,2003,Rabi       ,Other  Rabi pulses,571.0,76.0
229,karnataka,bagalkote,2003,Rabi       ,Rapeseed &Mustard,65.0,10.0
230,karnataka,bagalkote,2003,Rabi       ,Safflower,2767.0,343.0
231,karnataka,bagalkote,2003,Rabi       ,Sunflower,88095.0,24320.0
232,karnataka,bagalkote,2003,Rabi       ,Wheat,15300.0,18327.0
233,karnataka,bagalkote,2003,Summer     ,Jowar,37.0,98.0
234,karnataka,bagalkote,2003,Summer     ,Maize,1515.0,3310.0
235,karnataka,bagalkote,2003,Summer     ,Rice,2.0,7.0
236,karnataka,bagalkote,2003,Summer     ,Sunflower,3232.0,2693.0
237,karnataka,bagalkote,2003,Whole Year ,Arecanut,6.0,8.0
238,karnataka,bagalkote,2003,Whole Year ,Banana,434.0,7423.0
239,karnataka,bagalkote,2003,Whole Year ,Brinjal,1037.0,4377.0
240,karnataka,bagalkote,2003,Whole Year ,Citrus Fruit,374.0,1368.0
241,karnataka,bagalkote,2003,Whole Year ,Coconut ,600.0,2867.0
242,karnataka,bagalkote,2003,Whole Year ,Coriander,26.0,2.0
243,karnataka,bagalkote,2003,Whole Year ,Dry chillies,476.0,798.0
244,karnataka,bagalkote,2003,Whole Year ,Garlic,150.0,124.0
245,karnataka,bagalkote,2003,Whole Year ,Grapes,1829.0,78515.0
246,karnataka,bagalkote,2003,Whole Year ,Mango,601.0,2073.0
247,karnataka,bagalkote,2003,Whole Year ,Onion,4269.0,27894.0
248,karnataka,bagalkote,2003,Whole Year ,Other Fresh Fruits,385.0,800.0
249,karnataka,bagalkote,2003,Whole Year ,Pome Fruit,61.0,70.0
250,karnataka,bagalkote,2003,Whole Year ,Sannhamp,19.0,5.0
251,karnataka,bagalkote,2003,Whole Year ,Sugarcane,38744.0,2834124.0
252,karnataka,bagalkote,2003,Whole Year ,Sweet potato,42.0,133.0
253,karnataka,bagalkote,2003,Whole Year ,Tomato,321.0,853.0
254,karnataka,bagalkote,2004,Kharif     ,Arhar/Tur,3105.0,655.0
255,karnataka,bagalkote,2004,Kharif     ,Bajra,50947.0,32970.0
256,karnataka,bagalkote,2004,Kharif     ,Castor seed,2.0,2.0
257,karnataka,bagalkote,2004,Kharif     ,Cotton(lint),7315.0,12172.0
258,karnataka,bagalkote,2004,Kharif     ,Groundnut,6413.0,3776.0
259,karnataka,bagalkote,2004,Kharif     ,Horse-gram,1710.0,1049.0
260,karnataka,bagalkote,2004,Kharif     ,Jowar,11225.0,20951.0
261,karnataka,bagalkote,2004,Kharif     ,Maize,37419.0,130280.0
262,karnataka,bagalkote,2004,Kharif     ,Mesta,120.0,229.0
263,karnataka,bagalkote,2004,Kharif     ,Moong(Green Gram),37851.0,4315.0
264,karnataka,bagalkote,2004,Kharif     ,Niger seed,226.0,34.0
265,karnataka,bagalkote,2004,Kharif     ,Other Kharif pulses,906.0,298.98
266,karnataka,bagalkote,2004,Kharif     ,Rice,64.0,178.75
267,karnataka,bagalkote,2004,Kharif     ,Sesamum,948.0,581.0
268,karnataka,bagalkote,2004,Kharif     ,Small millets,54.0,19.0
269,karnataka,bagalkote,2004,Kharif     ,Soyabean,9183.0,5156.0
270,karnataka,bagalkote,2004,Kharif     ,Sunflower,51307.0,29116.0
271,karnataka,bagalkote,2004,Rabi       ,Gram,20960.0,10288.0
272,karnataka,bagalkote,2004,Rabi       ,Groundnut,18828.0,25292.0
273,karnataka,bagalkote,2004,Rabi       ,Horse-gram,1901.0,591.0
274,karnataka,bagalkote,2004,Rabi       ,Jowar,144349.0,100053.0
275,karnataka,bagalkote,2004,Rabi       ,Linseed,3348.0,658.0
276,karnataka,bagalkote,2004,Rabi       ,Maize,12094.0,42223.0
277,karnataka,bagalkote,2004,Rabi       ,Other  Rabi pulses,694.0,92.0
278,karnataka,bagalkote,2004,Rabi       ,Rapeseed &Mustard,70.0,10.0
279,karnataka,bagalkote,2004,Rabi       ,Safflower,2857.0,943.0
280,karnataka,bagalkote,2004,Rabi       ,Sunflower,62717.0,35641.0
281,karnataka,bagalkote,2004,Rabi       ,Wheat,21202.0,32903.0
282,karnataka,bagalkote,2004,Summer     ,Maize,1509.0,5691.0
283,karnataka,bagalkote,2004,Summer     ,Sunflower,4087.0,3052.0
284,karnataka,bagalkote,2004,Whole Year ,Arecanut,2.0,3.0
285,karnataka,bagalkote,2004,Whole Year ,Banana,191.0,7032.0
286,karnataka,bagalkote,2004,Whole Year ,Coconut ,452.0,21813.52
287,karnataka,bagalkote,2004,Whole Year ,Coriander,31.0,3.0
288,karnataka,bagalkote,2004,Whole Year ,Dry chillies,601.0,459.0
289,karnataka,bagalkote,2004,Whole Year ,Garlic,150.0,124.0
290,karnataka,bagalkote,2004,Whole Year ,Onion,6986.0,65436.0
291,karnataka,bagalkote,2004,Whole Year ,Sweet potato,57.0,181.0
292,karnataka,bagalkote,2004,Whole Year ,Turmeric,374.0,2277.0
293,karnataka,bagalkote,2005,Kharif     ,Arhar/Tur,2984.0,1032.0
294,karnataka,bagalkote,2005,Kharif     ,Bajra,44354.0,54674.0
295,karnataka,bagalkote,2005,Kharif     ,Dry chillies,318.0,231.0
296,karnataka,bagalkote,2005,Kharif     ,Groundnut,7134.0,5000.0
297,karnataka,bagalkote,2005,Kharif     ,Horse-gram,1812.0,1914.0
298,karnataka,bagalkote,2005,Kharif     ,Jowar,10339.0,27092.0
299,karnataka,bagalkote,2005,Kharif     ,Maize,38948.0,153176.0
300,karnataka,bagalkote,2005,Kharif     ,Moong(Green Gram),28884.0,3375.0
301,karnataka,bagalkote,2005,Kharif     ,Niger seed,184.0,28.0
302,karnataka,bagalkote,2005,Kharif     ,Onion,6732.0,39517.0
303,karnataka,bagalkote,2005,Kharif     ,Other Kharif pulses,602.0,203.0
304,karnataka,bagalkote,2005,Kharif     ,Rice,126.0,355.0
305,karnataka,bagalkote,2005,Kharif     ,Sesamum,3085.0,1515.0
306,karnataka,bagalkote,2005,Kharif     ,Small millets,121.0,34.0
307,karnataka,bagalkote,2005,Kharif     ,Soyabean,6534.0,4947.0
308,karnataka,bagalkote,2005,Kharif     ,Sunflower,48722.0,26039.0
309,karnataka,bagalkote,2005,Kharif     ,Urad,12.0,2.0
310,karnataka,bagalkote,2005,Rabi       ,Dry chillies,118.0,192.0
311,karnataka,bagalkote,2005,Rabi       ,Gram,19566.0,11244.0
312,karnataka,bagalkote,2005,Rabi       ,Groundnut,19037.0,18157.0
313,karnataka,bagalkote,2005,Rabi       ,Horse-gram,2540.0,1298.0
314,karnataka,bagalkote,2005,Rabi       ,Jowar,127199.0,138382.0
315,karnataka,bagalkote,2005,Rabi       ,Linseed,3690.0,778.0
316,karnataka,bagalkote,2005,Rabi       ,Maize,14743.0,61920.0
317,karnataka,bagalkote,2005,Rabi       ,Onion,1478.0,15322.0
318,karnataka,bagalkote,2005,Rabi       ,Other  Rabi pulses,987.0,131.0
319,karnataka,bagalkote,2005,Rabi       ,Rapeseed &Mustard,75.0,11.0
320,karnataka,bagalkote,2005,Rabi       ,Safflower,2901.0,1293.0
321,karnataka,bagalkote,2005,Rabi       ,Sunflower,81668.0,56526.0
322,karnataka,bagalkote,2005,Rabi       ,Wheat,21840.0,34948.0
323,karnataka,bagalkote,2005,Summer     ,Dry chillies,71.0,42.0
324,karnataka,bagalkote,2005,Summer     ,Jowar,3.0,6.0
325,karnataka,bagalkote,2005,Summer     ,Maize,1723.0,7038.0
326,karnataka,bagalkote,2005,Summer     ,Onion,675.0,9735.0
327,karnataka,bagalkote,2005,Summer     ,Rice,63.0,196.0
328,karnataka,bagalkote,2005,Summer     ,Sunflower,3328.0,3098.0
329,karnataka,bagalkote,2005,Whole Year ,Banana,84.0,2477.0
330,karnataka,bagalkote,2005,Whole Year ,Coconut ,413.0,1973.0
331,karnataka,bagalkote,2005,Whole Year ,Coriander,34.0,3.0
332,karnataka,bagalkote,2005,Whole Year ,Cotton(lint),5632.0,9351.0
333,karnataka,bagalkote,2005,Whole Year ,Garlic,60.0,50.0
334,karnataka,bagalkote,2005,Whole Year ,Mesta,82.0,156.0
335,karnataka,bagalkote,2005,Whole Year ,Sugarcane,37783.0,3445810.0
336,karnataka,bagalkote,2005,Whole Year ,Sweet potato,50.0,158.0
337,karnataka,bagalkote,2005,Whole Year ,Turmeric,368.0,4453.0
338,karnataka,bagalkote,2006,Kharif     ,Arhar/Tur,3283.0,904.0
339,karnataka,bagalkote,2006,Kharif     ,Bajra,39194.0,13233.0
340,karnataka,bagalkote,2006,Kharif     ,Groundnut,7294.0,2911.0
341,karnataka,bagalkote,2006,Kharif     ,Horse-gram,1229.0,207.0
342,karnataka,bagalkote,2006,Kharif     ,Jowar,9087.0,8155.0
343,karnataka,bagalkote,2006,Kharif     ,Maize,36326.0,137679.0
344,karnataka,bagalkote,2006,Kharif     ,Moong(Green Gram),30678.0,1574.0
345,karnataka,bagalkote,2006,Kharif     ,Niger seed,257.0,39.0
346,karnataka,bagalkote,2006,Kharif     ,Other Kharif pulses,858.0,381.0
347,karnataka,bagalkote,2006,Kharif     ,Rapeseed &Mustard,53.0,8.0
348,karnataka,bagalkote,2006,Kharif     ,Rice,117.0,339.0
349,karnataka,bagalkote,2006,Kharif     ,Sesamum,1413.0,283.0
350,karnataka,bagalkote,2006,Kharif     ,Small millets,52.0,14.0
351,karnataka,bagalkote,2006,Kharif     ,Soyabean,3367.0,3215.0
352,karnataka,bagalkote,2006,Kharif     ,Sunflower,40031.0,11199.0
353,karnataka,bagalkote,2006,Rabi       ,Gram,28075.0,9088.0
354,karnataka,bagalkote,2006,Rabi       ,Groundnut,15146.0,12000.0
355,karnataka,bagalkote,2006,Rabi       ,Horse-gram,2017.0,234.0
356,karnataka,bagalkote,2006,Rabi       ,Jowar,119913.0,60772.0
357,karnataka,bagalkote,2006,Rabi       ,Linseed,3538.0,625.0
358,karnataka,bagalkote,2006,Rabi       ,Maize,12637.0,44443.0
359,karnataka,bagalkote,2006,Rabi       ,Other  Rabi pulses,804.0,207.0
360,karnataka,bagalkote,2006,Rabi       ,Safflower,3865.0,1345.0
361,karnataka,bagalkote,2006,Rabi       ,Sunflower,67538.0,20690.0
362,karnataka,bagalkote,2006,Rabi       ,Wheat,20992.0,27344.0
363,karnataka,bagalkote,2006,Summer     ,Maize,2128.0,6625.0
364,karnataka,bagalkote,2006,Summer     ,Sunflower,3919.0,3902.0
365,karnataka,bagalkote,2006,Whole Year ,Banana,572.0,11420.0
366,karnataka,bagalkote,2006,Whole Year ,Coconut ,236.0,1128.0
367,karnataka,bagalkote,2006,Whole Year ,Coriander,39.0,4.0
368,karnataka,bagalkote,2006,Whole Year ,Cotton(lint),2974.0,4695.0
369,karnataka,bagalkote,2006,Whole Year ,Dry chillies,511.0,872.0
370,karnataka,bagalkote,2006,Whole Year ,Garlic,55.0,46.0
371,karnataka,bagalkote,2006,Whole Year ,Mesta,35.0,67.0
372,karnataka,bagalkote,2006,Whole Year ,Onion,8284.0,59102.0
373,karnataka,bagalkote,2006,Whole Year ,Sugarcane,48913.0,4274996.0
374,karnataka,bagalkote,2006,Whole Year ,Sweet potato,46.0,146.0
375,karnataka,bagalkote,2006,Whole Year ,Turmeric,591.0,4045.0
376,karnataka,bagalkote,2007,Kharif     ,Arhar/Tur,4294.0,3402.0
377,karnataka,bagalkote,2007,Kharif     ,Bajra,51037.0,58785.0
378,karnataka,bagalkote,2007,Kharif     ,Dry chillies,699.0,630.0
379,karnataka,bagalkote,2007,Kharif     ,Groundnut,5007.0,3866.0
380,karnataka,bagalkote,2007,Kharif     ,Horse-gram,1829.0,1390.0
381,karnataka,bagalkote,2007,Kharif     ,Jowar,9537.0,15692.0
382,karnataka,bagalkote,2007,Kharif     ,Maize,49303.0,194845.0
383,karnataka,bagalkote,2007,Kharif     ,Moong(Green Gram),47730.0,9431.0
384,karnataka,bagalkote,2007,Kharif     ,Niger seed,201.0,76.0
385,karnataka,bagalkote,2007,Kharif     ,Onion,12075.0,81411.0
386,karnataka,bagalkote,2007,Kharif     ,Other Kharif pulses,1484.0,728.0
387,karnataka,bagalkote,2007,Kharif     ,Rapeseed &Mustard,42.0,15.0
388,karnataka,bagalkote,2007,Kharif     ,Rice,68.0,206.0
389,karnataka,bagalkote,2007,Kharif     ,Sesamum,1343.0,702.0
390,karnataka,bagalkote,2007,Kharif     ,Small millets,69.0,23.0
391,karnataka,bagalkote,2007,Kharif     ,Soyabean,2575.0,3474.0
392,karnataka,bagalkote,2007,Kharif     ,Sunflower,22559.0,13004.0
393,karnataka,bagalkote,2007,Kharif     ,Urad,40.0,14.0
394,karnataka,bagalkote,2007,Rabi       ,Dry chillies,221.0,386.0
395,karnataka,bagalkote,2007,Rabi       ,Gram,49313.0,34287.0
396,karnataka,bagalkote,2007,Rabi       ,Groundnut,17294.0,14425.0
397,karnataka,bagalkote,2007,Rabi       ,Horse-gram,2113.0,1218.0
398,karnataka,bagalkote,2007,Rabi       ,Jowar,123497.0,178029.0
399,karnataka,bagalkote,2007,Rabi       ,Linseed,3690.0,1844.0
400,karnataka,bagalkote,2007,Rabi       ,Maize,16147.0,67418.0
401,karnataka,bagalkote,2007,Rabi       ,Onion,971.0,10215.0
402,karnataka,bagalkote,2007,Rabi       ,Other  Rabi pulses,1026.0,272.0
403,karnataka,bagalkote,2007,Rabi       ,Safflower,3098.0,2688.0
404,karnataka,bagalkote,2007,Rabi       ,Sunflower,61111.0,35479.0
405,karnataka,bagalkote,2007,Rabi       ,Wheat,23208.0,38300.0
406,karnataka,bagalkote,2007,Summer     ,Dry chillies,109.0,369.0
407,karnataka,bagalkote,2007,Summer     ,Maize,1735.0,7618.0
408,karnataka,bagalkote,2007,Summer     ,Onion,605.0,6030.0
409,karnataka,bagalkote,2007,Summer     ,Sunflower,5060.0,7302.0
410,karnataka,bagalkote,2007,Whole Year ,Banana,862.0,13986.0
411,karnataka,bagalkote,2007,Whole Year ,Coconut ,264.0,1344.0
412,karnataka,bagalkote,2007,Whole Year ,Coriander,40.0,14.0
413,karnataka,bagalkote,2007,Whole Year ,Cotton(lint),2660.0,3791.0
414,karnataka,bagalkote,2007,Whole Year ,Garlic,23.0,64.0
415,karnataka,bagalkote,2007,Whole Year ,Mesta,9.0,17.0
416,karnataka,bagalkote,2007,Whole Year ,Sugarcane,57399.0,5071202.0
417,karnataka,bagalkote,2007,Whole Year ,Sweet potato,28.0,89.0
418,karnataka,bagalkote,2007,Whole Year ,Turmeric,1203.0,15696.0
419,karnataka,bagalkote,2008,Kharif     ,Arhar/Tur,1056.0,288.0
420,karnataka,bagalkote,2008,Kharif     ,Bajra,22009.0,24287.0
421,karnataka,bagalkote,2008,Kharif     ,Dry chillies,764.0,709.0
422,karnataka,bagalkote,2008,Kharif     ,Groundnut,2182.0,1366.0
423,karnataka,bagalkote,2008,Kharif     ,Horse-gram,411.0,186.0
424,karnataka,bagalkote,2008,Kharif     ,Jowar,5239.0,9125.0
425,karnataka,bagalkote,2008,Kharif     ,Maize,44405.0,160977.0
426,karnataka,bagalkote,2008,Kharif     ,Moong(Green Gram),19906.0,321.0
427,karnataka,bagalkote,2008,Kharif     ,Niger seed,101.0,35.0
428,karnataka,bagalkote,2008,Kharif     ,Onion,6945.0,54530.0
429,karnataka,bagalkote,2008,Kharif     ,Other Kharif pulses,182.0,158.0
430,karnataka,bagalkote,2008,Kharif     ,Rice,87.0,266.13
431,karnataka,bagalkote,2008,Kharif     ,Sesamum,1419.0,280.0
432,karnataka,bagalkote,2008,Kharif     ,Soyabean,2281.0,2314.0
433,karnataka,bagalkote,2008,Kharif     ,Sunflower,21841.0,11046.0
434,karnataka,bagalkote,2008,Kharif     ,Urad,34.0,9.0
435,karnataka,bagalkote,2008,Rabi       ,Dry chillies,435.0,737.0
436,karnataka,bagalkote,2008,Rabi       ,Gram,60586.0,25597.0
437,karnataka,bagalkote,2008,Rabi       ,Groundnut,16605.0,16611.0
438,karnataka,bagalkote,2008,Rabi       ,Horse-gram,2989.0,1698.0
439,karnataka,bagalkote,2008,Rabi       ,Jowar,134783.0,162768.0
440,karnataka,bagalkote,2008,Rabi       ,Linseed,2920.0,1168.0
441,karnataka,bagalkote,2008,Rabi       ,Maize,20427.0,73062.0
442,karnataka,bagalkote,2008,Rabi       ,Onion,2526.0,22773.0
443,karnataka,bagalkote,2008,Rabi       ,Other  Rabi pulses,1471.0,411.0
444,karnataka,bagalkote,2008,Rabi       ,Rapeseed &Mustard,1.0,
445,karnataka,bagalkote,2008,Rabi       ,Safflower,3580.0,2258.0
446,karnataka,bagalkote,2008,Rabi       ,Sunflower,61318.0,30374.0
447,karnataka,bagalkote,2008,Rabi       ,Wheat,25668.0,37486.0
448,karnataka,bagalkote,2008,Summer     ,Dry chillies,119.0,390.0
449,karnataka,bagalkote,2008,Summer     ,Maize,2834.0,9192.0
450,karnataka,bagalkote,2008,Summer     ,Onion,651.0,4053.0
451,karnataka,bagalkote,2008,Summer     ,Sunflower,5274.0,4890.0
452,karnataka,bagalkote,2008,Whole Year ,Banana,1424.0,32850.0
453,karnataka,bagalkote,2008,Whole Year ,Cashewnut,1.0,0.61
454,karnataka,bagalkote,2008,Whole Year ,Coconut ,410.0,2809.0
455,karnataka,bagalkote,2008,Whole Year ,Coriander,83.0,45.0
456,karnataka,bagalkote,2008,Whole Year ,Cotton(lint),2466.0,5901.0
457,karnataka,bagalkote,2008,Whole Year ,Garlic,30.0,61.0
458,karnataka,bagalkote,2008,Whole Year ,Mesta,3.0,6.0
459,karnataka,bagalkote,2008,Whole Year ,Sugarcane,56598.0,5860723.0
460,karnataka,bagalkote,2008,Whole Year ,Sweet potato,20.0,202.0
461,karnataka,bagalkote,2008,Whole Year ,Turmeric,1994.0,13402.0
462,karnataka,bagalkote,2009,Kharif     ,Arhar/Tur,4811.0,2610.0
463,karnataka,bagalkote,2009,Kharif     ,Bajra,43613.0,17323.0
464,karnataka,bagalkote,2009,Kharif     ,Gram,810.0,228.0
465,karnataka,bagalkote,2009,Kharif     ,Groundnut,6090.0,1789.0
466,karnataka,bagalkote,2009,Kharif     ,Horse-gram,810.0,228.0
467,karnataka,bagalkote,2009,Kharif     ,Jowar,5189.0,3769.0
468,karnataka,bagalkote,2009,Kharif     ,Maize,59425.0,124102.0
469,karnataka,bagalkote,2009,Kharif     ,Moong(Green Gram),36714.0,4883.0
470,karnataka,bagalkote,2009,Kharif     ,Niger seed,166.0,58.0
471,karnataka,bagalkote,2009,Kharif     ,Onion,17697.0,49445.0
472,karnataka,bagalkote,2009,Kharif     ,Other Kharif pulses,715.0,256.0
473,karnataka,bagalkote,2009,Kharif     ,Rice,133.0,381.58
474,karnataka,bagalkote,2009,Kharif     ,Sesamum,2350.0,801.0
475,karnataka,bagalkote,2009,Kharif     ,Small millets,54.0,15.0
476,karnataka,bagalkote,2009,Kharif     ,Soyabean,3524.0,2035.0
477,karnataka,bagalkote,2009,Kharif     ,Sunflower,26140.0,5156.0
478,karnataka,bagalkote,2009,Kharif     ,Urad,118.0,10.0
479,karnataka,bagalkote,2009,Rabi       ,Dry chillies,613.0,669.0
480,karnataka,bagalkote,2009,Rabi       ,Gram,1244.0,474.0
481,karnataka,bagalkote,2009,Rabi       ,Groundnut,17718.0,20266.0
482,karnataka,bagalkote,2009,Rabi       ,Horse-gram,1244.0,474.0
483,karnataka,bagalkote,2009,Rabi       ,Jowar,110368.0,117488.0
484,karnataka,bagalkote,2009,Rabi       ,Linseed,2354.0,635.0
485,karnataka,bagalkote,2009,Rabi       ,Maize,20192.0,63865.0
486,karnataka,bagalkote,2009,Rabi       ,Onion,2083.0,14319.0
487,karnataka,bagalkote,2009,Rabi       ,Other  Rabi pulses,952.0,255.0
488,karnataka,bagalkote,2009,Rabi       ,Safflower,2570.0,1734.0
489,karnataka,bagalkote,2009,Rabi       ,Sunflower,32103.0,17100.0
490,karnataka,bagalkote,2009,Rabi       ,Wheat,26356.0,36213.0
491,karnataka,bagalkote,2009,Summer     ,Dry chillies,125.0,576.0
492,karnataka,bagalkote,2009,Summer     ,Maize,2413.0,9552.0
493,karnataka,bagalkote,2009,Summer     ,Onion,540.0,4485.0
494,karnataka,bagalkote,2009,Summer     ,Sunflower,2341.0,2295.0
495,karnataka,bagalkote,2009,Whole Year ,Banana,1575.0,17048.0
496,karnataka,bagalkote,2009,Whole Year ,Cashewnut,1.0,1.0
497,karnataka,bagalkote,2009,Whole Year ,Coconut ,614.0,4366.0
498,karnataka,bagalkote,2009,Whole Year ,Coriander,240.0,118.0
499,karnataka,bagalkote,2009,Whole Year ,Cotton(lint),2824.0,4402.0
500,karnataka,bagalkote,2009,Whole Year ,Garlic,25.0,32.0
501,karnataka,bagalkote,2009,Whole Year ,Mesta,4.0,6.0
502,karnataka,bagalkote,2009,Whole Year ,Sugarcane,63833.0,6549266.0
503,karnataka,bagalkote,2009,Whole Year ,Sweet potato,15.0,99.0
504,karnataka,bagalkote,2009,Whole Year ,Tobacco,1.0,1.0
505,karnataka,bagalkote,2009,Whole Year ,Turmeric,3231.0,24717.0
506,karnataka,bagalkote,2010,Kharif     ,Arhar/Tur,11231.0,5708.0
507,karnataka,bagalkote,2010,Kharif     ,Bajra,34045.0,49726.0
508,karnataka,bagalkote,2010,Kharif     ,Cotton(lint),1034.0,2338.0
509,karnataka,bagalkote,2010,Kharif     ,Cowpea(Lobia),225.0,116.0
510,karnataka,bagalkote,2010,Kharif     ,Dry chillies,1492.0,634.0
511,karnataka,bagalkote,2010,Kharif     ,Groundnut,3633.0,2564.0
512,karnataka,bagalkote,2010,Kharif     ,Horse-gram,876.0,514.0
513,karnataka,bagalkote,2010,Kharif     ,Jowar,3707.0,10608.0
514,karnataka,bagalkote,2010,Kharif     ,Maize,60240.0,242030.0
515,karnataka,bagalkote,2010,Kharif     ,Moong(Green Gram),51675.0,7806.0
516,karnataka,bagalkote,2010,Kharif     ,Niger seed,77.0,23.0
517,karnataka,bagalkote,2010,Kharif     ,Onion,17139.0,141312.0
518,karnataka,bagalkote,2010,Kharif     ,Other Kharif pulses,477.0,153.0
519,karnataka,bagalkote,2010,Kharif     ,Rice,121.0,388.0
520,karnataka,bagalkote,2010,Kharif     ,Sesamum,2470.0,1666.0
521,karnataka,bagalkote,2010,Kharif     ,Small millets,26.0,10.0
522,karnataka,bagalkote,2010,Kharif     ,Soyabean,3696.0,3181.0
523,karnataka,bagalkote,2010,Kharif     ,Sunflower,11867.0,6514.0
524,karnataka,bagalkote,2010,Kharif     ,Urad,4.0,1.0
525,karnataka,bagalkote,2010,Rabi       ,Cotton(lint),1357.0,1938.0
526,karnataka,bagalkote,2010,Rabi       ,Cowpea(Lobia),931.0,246.0
527,karnataka,bagalkote,2010,Rabi       ,Dry chillies,642.0,745.0
528,karnataka,bagalkote,2010,Rabi       ,Gram,78006.0,50581.0
529,karnataka,bagalkote,2010,Rabi       ,Groundnut,17639.0,25136.0
530,karnataka,bagalkote,2010,Rabi       ,Horse-gram,1045.0,637.0
531,karnataka,bagalkote,2010,Rabi       ,Jowar,102139.0,116792.0
532,karnataka,bagalkote,2010,Rabi       ,Linseed,2441.0,610.0
533,karnataka,bagalkote,2010,Rabi       ,Maize,24819.0,64462.0
534,karnataka,bagalkote,2010,Rabi       ,Onion,2244.0,14257.0
535,karnataka,bagalkote,2010,Rabi       ,Other  Rabi pulses,119.0,46.0
536,karnataka,bagalkote,2010,Rabi       ,Rapeseed &Mustard,12.0,4.0
537,karnataka,bagalkote,2010,Rabi       ,Safflower,2708.0,1945.0
538,karnataka,bagalkote,2010,Rabi       ,Sunflower,19626.0,14452.0
539,karnataka,bagalkote,2010,Rabi       ,Wheat,24693.0,40235.0
540,karnataka,bagalkote,2010,Summer     ,Dry chillies,119.0,362.0
541,karnataka,bagalkote,2010,Summer     ,Maize,2961.0,9446.0
542,karnataka,bagalkote,2010,Summer     ,Onion,709.0,10377.0
543,karnataka,bagalkote,2010,Summer     ,Rice,23.0,74.0
544,karnataka,bagalkote,2010,Summer     ,Sunflower,3947.0,4537.0
545,karnataka,bagalkote,2010,Whole Year ,Banana,1518.0,16956.0
546,karnataka,bagalkote,2010,Whole Year ,Cashewnut,1.0,1.0
547,karnataka,bagalkote,2010,Whole Year ,Coconut ,664.0,6347.0
548,karnataka,bagalkote,2010,Whole Year ,Coriander,229.0,85.0
549,karnataka,bagalkote,2010,Whole Year ,Garlic,16.0,21.0
550,karnataka,bagalkote,2010,Whole Year ,Mesta,4.0,5.0
551,karnataka,bagalkote,2010,Whole Year ,Sugarcane,79930.0,7897084.0
552,karnataka,bagalkote,2010,Whole Year ,Sweet potato,13.0,107.0
553,karnataka,bagalkote,2010,Whole Year ,Turmeric,2150.0,13177.0
554,karnataka,bagalkote,2011,Kharif     ,Arhar/Tur,7437.0,1915.0
555,karnataka,bagalkote,2011,Kharif     ,Bajra,33222.0,42396.0
556,karnataka,bagalkote,2011,Kharif     ,Castor seed,20.0,17.0
557,karnataka,bagalkote,2011,Kharif     ,Cotton(lint),1007.0,2450.0
558,karnataka,bagalkote,2011,Kharif     ,Cowpea(Lobia),524.0,277.0
559,karnataka,bagalkote,2011,Kharif     ,Dry chillies,2135.0,3095.0
560,karnataka,bagalkote,2011,Kharif     ,Groundnut,3782.0,1945.0
561,karnataka,bagalkote,2011,Kharif     ,Horse-gram,730.0,435.0
562,karnataka,bagalkote,2011,Kharif     ,Jowar,6439.0,14927.0
563,karnataka,bagalkote,2011,Kharif     ,Maize,55883.0,197044.0
564,karnataka,bagalkote,2011,Kharif     ,Moong(Green Gram),42815.0,7443.0
565,karnataka,bagalkote,2011,Kharif     ,Niger seed,178.0,48.0
566,karnataka,bagalkote,2011,Kharif     ,Onion,18304.0,141893.0
567,karnataka,bagalkote,2011,Kharif     ,Other Kharif pulses,442.0,124.0
568,karnataka,bagalkote,2011,Kharif     ,Rice,79.0,254.0
569,karnataka,bagalkote,2011,Kharif     ,Sesamum,1949.0,443.0
570,karnataka,bagalkote,2011,Kharif     ,Small millets,25.0,8.0
571,karnataka,bagalkote,2011,Kharif     ,Soyabean,3026.0,2636.0
572,karnataka,bagalkote,2011,Kharif     ,Sunflower,20603.0,9979.0
573,karnataka,bagalkote,2011,Kharif     ,Urad,32.0,12.0
574,karnataka,bagalkote,2011,Rabi       ,Cotton(lint),874.0,928.0
575,karnataka,bagalkote,2011,Rabi       ,Cowpea(Lobia),940.0,331.0
576,karnataka,bagalkote,2011,Rabi       ,Dry chillies,605.0,587.0
577,karnataka,bagalkote,2011,Rabi       ,Gram,75580.0,34571.0
578,karnataka,bagalkote,2011,Rabi       ,Groundnut,22893.0,25946.0
579,karnataka,bagalkote,2011,Rabi       ,Horse-gram,926.0,262.0
580,karnataka,bagalkote,2011,Rabi       ,Jowar,104924.0,96699.0
581,karnataka,bagalkote,2011,Rabi       ,Linseed,1758.0,635.0
582,karnataka,bagalkote,2011,Rabi       ,Maize,24019.0,74159.0
583,karnataka,bagalkote,2011,Rabi       ,Onion,1561.0,17276.0
584,karnataka,bagalkote,2011,Rabi       ,Other  Rabi pulses,93.0,87.0
585,karnataka,bagalkote,2011,Rabi       ,Safflower,2500.0,2225.0
586,karnataka,bagalkote,2011,Rabi       ,Sunflower,26904.0,13012.0
587,karnataka,bagalkote,2011,Rabi       ,Wheat,25676.0,41483.0
588,karnataka,bagalkote,2011,Summer     ,Dry chillies,127.0,445.0
589,karnataka,bagalkote,2011,Summer     ,Jowar,28.0,51.0
590,karnataka,bagalkote,2011,Summer     ,Maize,2395.0,8680.0
591,karnataka,bagalkote,2011,Summer     ,Onion,362.0,4721.0
592,karnataka,bagalkote,2011,Summer     ,Rice,6.0,20.0
593,karnataka,bagalkote,2011,Summer     ,Sunflower,2855.0,3016.0
594,karnataka,bagalkote,2011,Whole Year ,Banana,1135.0,14772.0
595,karnataka,bagalkote,2011,Whole Year ,Cashewnut,1.0,1.0
596,karnataka,bagalkote,2011,Whole Year ,Coconut ,695.0,6909.0
597,karnataka,bagalkote,2011,Whole Year ,Coriander,164.0,67.0
598,karnataka,bagalkote,2011,Whole Year ,Garlic,13.0,16.0
599,karnataka,bagalkote,2011,Whole Year ,Mesta,4.0,5.0
600,karnataka,bagalkote,2011,Whole Year ,Sugarcane,89361.0,8064830.0
601,karnataka,bagalkote,2011,Whole Year ,Sweet potato,31.0,452.0
602,karnataka,bagalkote,2011,Whole Year ,Turmeric,3225.0,22475.0
603,karnataka,bagalkote,2012,Kharif     ,Arhar/Tur,949.0,209.0
604,karnataka,bagalkote,2012,Kharif     ,Bajra,19091.0,18227.0
605,karnataka,bagalkote,2012,Kharif     ,Cotton(lint),477.0,909.0
606,karnataka,bagalkote,2012,Kharif     ,Cowpea(Lobia),166.0,45.0
607,karnataka,bagalkote,2012,Kharif     ,Dry chillies,1387.0,4923.0
608,karnataka,bagalkote,2012,Kharif     ,Groundnut,1306.0,721.0
609,karnataka,bagalkote,2012,Kharif     ,Horse-gram,310.0,67.0
610,karnataka,bagalkote,2012,Kharif     ,Jowar,1708.0,3141.0
611,karnataka,bagalkote,2012,Kharif     ,Maize,41945.0,106154.0
612,karnataka,bagalkote,2012,Kharif     ,Moong(Green Gram),925.0,48.0
613,karnataka,bagalkote,2012,Kharif     ,Niger seed,6.0,1.0
614,karnataka,bagalkote,2012,Kharif     ,Onion,7720.0,69292.0
615,karnataka,bagalkote,2012,Kharif     ,Other Kharif pulses,282.0,104.0
616,karnataka,bagalkote,2012,Kharif     ,Rice,49.0,125.0
617,karnataka,bagalkote,2012,Kharif     ,Sesamum,37.0,14.0
618,karnataka,bagalkote,2012,Kharif     ,Small millets,1.0,
619,karnataka,bagalkote,2012,Kharif     ,Soyabean,285.0,224.0
620,karnataka,bagalkote,2012,Kharif     ,Sunflower,6208.0,3291.0
621,karnataka,bagalkote,2012,Rabi       ,Cotton(lint),328.0,409.0
622,karnataka,bagalkote,2012,Rabi       ,Cowpea(Lobia),154.0,51.0
623,karnataka,bagalkote,2012,Rabi       ,Dry chillies,610.0,1075.0
624,karnataka,bagalkote,2012,Rabi       ,Gram,73967.0,39069.0
625,karnataka,bagalkote,2012,Rabi       ,Horse-gram,946.0,182.0
626,karnataka,bagalkote,2012,Rabi       ,Jowar,118324.0,151076.0
627,karnataka,bagalkote,2012,Rabi       ,Linseed,2393.0,334.0
628,karnataka,bagalkote,2012,Rabi       ,Maize,24328.0,63025.0
629,karnataka,bagalkote,2012,Rabi       ,Onion,1094.0,8916.0
630,karnataka,bagalkote,2012,Rabi       ,Other  Rabi pulses,44.0,20.0
631,karnataka,bagalkote,2012,Rabi       ,Safflower,1338.0,824.0
632,karnataka,bagalkote,2012,Rabi       ,Sunflower,32822.0,17274.0
633,karnataka,bagalkote,2012,Rabi       ,Wheat,20920.0,18662.0
634,karnataka,bagalkote,2012,Summer     ,Cowpea(Lobia),792.0,285.0
635,karnataka,bagalkote,2012,Summer     ,Dry chillies,61.0,172.0
636,karnataka,bagalkote,2012,Summer     ,Groundnut,26362.0,27749.0
637,karnataka,bagalkote,2012,Summer     ,Maize,2192.0,8432.0
638,karnataka,bagalkote,2012,Summer     ,Onion,365.0,2841.0
639,karnataka,bagalkote,2012,Summer     ,Sunflower,2063.0,1813.0
640,karnataka,bagalkote,2012,Whole Year ,Cashewnut,2.0,2.0
641,karnataka,bagalkote,2012,Whole Year ,Coconut ,664.0,6537.0
642,karnataka,bagalkote,2012,Whole Year ,Coriander,145.0,57.0
643,karnataka,bagalkote,2012,Whole Year ,Garlic,10.0,13.0
644,karnataka,bagalkote,2012,Whole Year ,Sugarcane,91361.0,7984951.0
645,karnataka,bagalkote,2012,Whole Year ,Sweet potato,12.0,186.0
646,karnataka,bagalkote,2012,Whole Year ,Turmeric,1797.0,9159.0
647,karnataka,bagalkote,2013,Kharif     ,Arhar/Tur,4074.0,2129.0
648,karnataka,bagalkote,2013,Kharif     ,Bajra,26519.0,24211.0
649,karnataka,bagalkote,2013,Kharif     ,Cotton(lint),606.0,1795.0
650,karnataka,bagalkote,2013,Kharif     ,Cowpea(Lobia),555.0,207.0
651,karnataka,bagalkote,2013,Kharif     ,Dry chillies,1227.0,5383.0
652,karnataka,bagalkote,2013,Kharif     ,Groundnut,2082.0,1454.0
653,karnataka,bagalkote,2013,Kharif     ,Horse-gram,389.0,92.0
654,karnataka,bagalkote,2013,Kharif     ,Jowar,2708.0,4757.0
655,karnataka,bagalkote,2013,Kharif     ,Maize,51814.0,183308.0
656,karnataka,bagalkote,2013,Kharif     ,Moong(Green Gram),37597.0,4750.0
657,karnataka,bagalkote,2013,Kharif     ,Niger seed,106.0,23.0
658,karnataka,bagalkote,2013,Kharif     ,Onion,10683.0,96861.0
659,karnataka,bagalkote,2013,Kharif     ,Other Kharif pulses,345.0,110.0
660,karnataka,bagalkote,2013,Kharif     ,Rice,54.0,160.0
661,karnataka,bagalkote,2013,Kharif     ,Sesamum,988.0,368.0
662,karnataka,bagalkote,2013,Kharif     ,Soyabean,3011.0,3613.0
663,karnataka,bagalkote,2013,Kharif     ,Sunflower,13697.0,7508.0
664,karnataka,bagalkote,2013,Rabi       ,Cotton(lint),354.0,653.0
665,karnataka,bagalkote,2013,Rabi       ,Cowpea(Lobia),45.0,19.0
666,karnataka,bagalkote,2013,Rabi       ,Dry chillies,622.0,1074.0
667,karnataka,bagalkote,2013,Rabi       ,Gram,74086.0,58135.0
668,karnataka,bagalkote,2013,Rabi       ,Horse-gram,930.0,188.0
669,karnataka,bagalkote,2013,Rabi       ,Jowar,113387.0,109980.0
670,karnataka,bagalkote,2013,Rabi       ,Linseed,1487.0,225.0
671,karnataka,bagalkote,2013,Rabi       ,Maize,20503.0,67647.0
672,karnataka,bagalkote,2013,Rabi       ,Onion,972.0,9730.0
673,karnataka,bagalkote,2013,Rabi       ,Other  Rabi pulses,35.0,28.0
674,karnataka,bagalkote,2013,Rabi       ,Safflower,910.0,272.0
675,karnataka,bagalkote,2013,Rabi       ,Sunflower,32687.0,17669.0
676,karnataka,bagalkote,2013,Rabi       ,Wheat,17901.0,20713.0
677,karnataka,bagalkote,2013,Summer     ,Cowpea(Lobia),894.0,352.0
678,karnataka,bagalkote,2013,Summer     ,Dry chillies,110.0,292.0
679,karnataka,bagalkote,2013,Summer     ,Groundnut,26190.0,26747.0
680,karnataka,bagalkote,2013,Summer     ,Maize,2825.0,8384.0
681,karnataka,bagalkote,2013,Summer     ,Onion,328.0,3276.0
682,karnataka,bagalkote,2013,Summer     ,Sunflower,2266.0,2387.0
683,karnataka,bagalkote,2013,Whole Year ,Black pepper,6.0,15.0
684,karnataka,bagalkote,2013,Whole Year ,Cashewnut,3.0,3.0
685,karnataka,bagalkote,2013,Whole Year ,Coconut ,776.0,6157.0
686,karnataka,bagalkote,2013,Whole Year ,Coriander,94.0,27.0
687,karnataka,bagalkote,2013,Whole Year ,Sannhamp,3.0,1.0
688,karnataka,bagalkote,2013,Whole Year ,Sugarcane,86942.0,9002844.0
689,karnataka,bagalkote,2013,Whole Year ,Turmeric,1703.0,9670.0
690,karnataka,bagalkote,2014,Kharif     ,Arhar/Tur,6144.0,2673.0
691,karnataka,bagalkote,2014,Kharif     ,Bajra,22021.0,24288.0
692,karnataka,bagalkote,2014,Kharif     ,Cotton(lint),3299.0,8996.0
693,karnataka,bagalkote,2014,Kharif     ,Cowpea(Lobia),83.0,36.0
694,karnataka,bagalkote,2014,Kharif     ,Dry chillies,977.0,1788.0
695,karnataka,bagalkote,2014,Kharif     ,Groundnut,1406.0,1344.0
696,karnataka,bagalkote,2014,Kharif     ,Horse-gram,337.0,90.0
697,karnataka,bagalkote,2014,Kharif     ,Jowar,965.0,1492.0
698,karnataka,bagalkote,2014,Kharif     ,Maize,44472.0,166543.0
699,karnataka,bagalkote,2014,Kharif     ,Moong(Green Gram),22974.0,4081.0
700,karnataka,bagalkote,2014,Kharif     ,Niger seed,74.0,20.0
701,karnataka,bagalkote,2014,Kharif     ,Onion,10969.0,82750.0
702,karnataka,bagalkote,2014,Kharif     ,Other Kharif pulses,182.0,80.0
703,karnataka,bagalkote,2014,Kharif     ,Rice,25.0,76.0
704,karnataka,bagalkote,2014,Kharif     ,Sesamum,188.0,86.0
705,karnataka,bagalkote,2014,Kharif     ,Soyabean,2505.0,2401.0
706,karnataka,bagalkote,2014,Kharif     ,Sunflower,13020.0,8151.0
707,karnataka,bagalkote,2014,Kharif     ,Urad,630.0,175.0
708,karnataka,bagalkote,2014,Rabi       ,Cotton(lint),210.0,334.0
709,karnataka,bagalkote,2014,Rabi       ,Cowpea(Lobia),120.0,44.0
710,karnataka,bagalkote,2014,Rabi       ,Dry chillies,669.0,2021.0
711,karnataka,bagalkote,2014,Rabi       ,Gram,91880.0,54728.0
712,karnataka,bagalkote,2014,Rabi       ,Horse-gram,925.0,332.0
713,karnataka,bagalkote,2014,Rabi       ,Jowar,104822.0,102867.0
714,karnataka,bagalkote,2014,Rabi       ,Linseed,1770.0,454.0
715,karnataka,bagalkote,2014,Rabi       ,Maize,20789.0,81388.0
716,karnataka,bagalkote,2014,Rabi       ,Onion,1237.0,10051.0
717,karnataka,bagalkote,2014,Rabi       ,Other  Rabi pulses,36.0,28.0
718,karnataka,bagalkote,2014,Rabi       ,Safflower,890.0,348.0
719,karnataka,bagalkote,2014,Rabi       ,Sunflower,26474.0,16599.0
720,karnataka,bagalkote,2014,Rabi       ,Wheat,23237.0,36071.0
721,karnataka,bagalkote,2014,Summer     ,Cotton(lint),350.0,663.0
722,karnataka,bagalkote,2014,Summer     ,Cowpea(Lobia),546.0,200.0
723,karnataka,bagalkote,2014,Summer     ,Dry chillies,84.0,162.0
724,karnataka,bagalkote,2014,Summer     ,Groundnut,25540.0,26398.0
725,karnataka,bagalkote,2014,Summer     ,Maize,2820.0,9746.0
726,karnataka,bagalkote,2014,Summer     ,Onion,313.0,2880.0
727,karnataka,bagalkote,2014,Summer     ,Sunflower,1915.0,1939.0
728,karnataka,bagalkote,2014,Whole Year ,Coconut ,743.0,6630.0
729,karnataka,bagalkote,2014,Whole Year ,Coriander,125.0,42.0
730,karnataka,bagalkote,2014,Whole Year ,Dry ginger,134.0,3892.0
731,karnataka,bagalkote,2014,Whole Year ,Sugarcane,93679.0,10234431.0
732,karnataka,bagalkote,2014,Whole Year ,Turmeric,2164.0,15005.0
